-- 平台组件注册
INSERT INTO OECP_SYS_BIZCOMPONENT (PK,CODE,CONTEXTPATH,DBIP,DBPORT,DBPWD,DBTYPE,DBUSER,DISCRIPTION,HOST,INITNUM,ISCONNECTION,NAME,SERVICEPORT,WEBPORT,DISPLAYORDER) VALUES ('1','sys','/oecp-platform','127.0.0.1',null,null,null,null,'进行系统的维护和管理.','localhost',0,0,'系统管理','80','8080',100);

-- 平台组件功能注册
INSERT INTO OECP_SYS_FUNCTION (PK,BIZSERVICEFORBPM,CODE,DESCRIPTION,DISPLAYORDER,NAME,RUNABLE,WSUSERD,BC_PK,PARENT_PK,MAINENTITY) VALUES ('15',null,'SYS_0001',null,1,'组件管理',0,0,'1',null,null);
INSERT INTO OECP_SYS_FUNCTION (PK,BIZSERVICEFORBPM,CODE,DESCRIPTION,DISPLAYORDER,NAME,RUNABLE,WSUSERD,BC_PK,PARENT_PK,MAINENTITY) VALUES ('12',null,'SYS_0011','组件注册',1,'组件注册',1,0,'1','15',null);
INSERT INTO OECP_SYS_FUNCTION (PK,BIZSERVICEFORBPM,CODE,DESCRIPTION,DISPLAYORDER,NAME,RUNABLE,WSUSERD,BC_PK,PARENT_PK,MAINENTITY) VALUES ('37',null,'SYS_0005','功能注册',5,'功能注册',1,0,'1','15',null);
INSERT INTO OECP_SYS_FUNCTION (PK,BIZSERVICEFORBPM,CODE,DESCRIPTION,DISPLAYORDER,NAME,RUNABLE,WSUSERD,BC_PK,PARENT_PK,MAINENTITY) VALUES ('49',null,'BCEventManager',null,10,'事件管理',1,0,'1','15',null);
INSERT INTO OECP_SYS_FUNCTION (PK,BIZSERVICEFORBPM,CODE,DESCRIPTION,DISPLAYORDER,NAME,RUNABLE,WSUSERD,BC_PK,PARENT_PK,MAINENTITY) VALUES ('50',null,'BCServiceManager','初始化并维护组件服务',11,'组件服务管理',1,0,'1','15',null);
INSERT INTO OECP_SYS_FUNCTION (PK,BIZSERVICEFORBPM,CODE,DESCRIPTION,DISPLAYORDER,NAME,RUNABLE,WSUSERD,BC_PK,PARENT_PK,MAINENTITY) VALUES ('58',null,'SYS_0434','组件依赖管理',12,'依赖管理',1,0,'1','15',null);
INSERT INTO OECP_SYS_FUNCTION (PK,BIZSERVICEFORBPM,CODE,DESCRIPTION,DISPLAYORDER,NAME,RUNABLE,WSUSERD,BC_PK,PARENT_PK,MAINENTITY) VALUES ('069170lr0lk50134',null,'funview','组件视图管理',9,'视图管理',0,0,'1','15',null);
INSERT INTO OECP_SYS_FUNCTION (PK,BIZSERVICEFORBPM,CODE,DESCRIPTION,DISPLAYORDER,NAME,RUNABLE,WSUSERD,BC_PK,PARENT_PK,MAINENTITY) VALUES ('069170lr4dp60137',null,'sys_funview_config',null,1,'界面视图配置',1,0,'1','069170lr0lk50134',null);
INSERT INTO OECP_SYS_FUNCTION (PK,BIZSERVICEFORBPM,CODE,DESCRIPTION,DISPLAYORDER,NAME,RUNABLE,WSUSERD,BC_PK,PARENT_PK,MAINENTITY) VALUES ('069170lr73ma013a',null,'funview_assign','界面视图分配',2,'界面视图分配',1,0,'1','069170lr0lk50134',null);
INSERT INTO OECP_SYS_FUNCTION (PK,BIZSERVICEFORBPM,CODE,DESCRIPTION,DISPLAYORDER,NAME,RUNABLE,WSUSERD,BC_PK,PARENT_PK,MAINENTITY) VALUES ('069170lr1nr10135',null,'sys_reportsetting',null,8,'报表设计器',1,0,'1','069170lr0lk50134',null);
INSERT INTO OECP_SYS_FUNCTION (PK,BIZSERVICEFORBPM,CODE,DESCRIPTION,DISPLAYORDER,NAME,RUNABLE,WSUSERD,BC_PK,PARENT_PK,MAINENTITY) VALUES ('069170lr87rm013b',null,'sys_fun_printtemplate',null,10,'打印模板维护',1,0,'1','069170lr0lk50134',null);

INSERT INTO OECP_SYS_FUNCTION (PK,BIZSERVICEFORBPM,CODE,DESCRIPTION,DISPLAYORDER,NAME,RUNABLE,WSUSERD,BC_PK,PARENT_PK,MAINENTITY) VALUES ('33',null,'SYS_0013','组织机构',3,'组织机构',0,0,'1',null,null);
INSERT INTO OECP_SYS_FUNCTION (PK,BIZSERVICEFORBPM,CODE,DESCRIPTION,DISPLAYORDER,NAME,RUNABLE,WSUSERD,BC_PK,PARENT_PK,MAINENTITY) VALUES ('35',null,'SYS_0015','组织机构管理',0,'组织机构管理',1,0,'1','33',null);
INSERT INTO OECP_SYS_FUNCTION (PK,BIZSERVICEFORBPM,CODE,DESCRIPTION,DISPLAYORDER,NAME,RUNABLE,WSUSERD,BC_PK,PARENT_PK,MAINENTITY) VALUES ('38',null,'SYS_0017','部门管理',3,'部门管理',1,0,'1','33',null);
INSERT INTO OECP_SYS_FUNCTION (PK,BIZSERVICEFORBPM,CODE,DESCRIPTION,DISPLAYORDER,NAME,RUNABLE,WSUSERD,BC_PK,PARENT_PK,MAINENTITY) VALUES ('41',null,'SYS_0018','岗位管理',5,'岗位管理',1,0,'1','33',null);
INSERT INTO OECP_SYS_FUNCTION (PK,BIZSERVICEFORBPM,CODE,DESCRIPTION,DISPLAYORDER,NAME,RUNABLE,WSUSERD,BC_PK,PARENT_PK,MAINENTITY) VALUES ('024188qp5ra6011e',null,'SYS_0020',null,7,'人员管理',1,0,'1','33',null);

INSERT INTO OECP_SYS_FUNCTION (PK,BIZSERVICEFORBPM,CODE,DESCRIPTION,DISPLAYORDER,NAME,RUNABLE,WSUSERD,BC_PK,PARENT_PK,MAINENTITY) VALUES ('36',null,'SYS_0016','权限管理',10,'权限管理',0,0,'1',null,null);
INSERT INTO OECP_SYS_FUNCTION (PK,BIZSERVICEFORBPM,CODE,DESCRIPTION,DISPLAYORDER,NAME,RUNABLE,WSUSERD,BC_PK,PARENT_PK,MAINENTITY) VALUES ('31',null,'OECP.SYS.USER','用户管理',0,'用户管理',1,0,'1','36',null);
INSERT INTO OECP_SYS_FUNCTION (PK,BIZSERVICEFORBPM,CODE,DESCRIPTION,DISPLAYORDER,NAME,RUNABLE,WSUSERD,BC_PK,PARENT_PK,MAINENTITY) VALUES ('32',null,'SYS_0012','角色管理',1,'角色管理',1,0,'1','36',null);
INSERT INTO OECP_SYS_FUNCTION (PK,BIZSERVICEFORBPM,CODE,DESCRIPTION,DISPLAYORDER,NAME,RUNABLE,WSUSERD,BC_PK,PARENT_PK,MAINENTITY) VALUES ('34',null,'SYS_0014','权限分配',5,'权限分配',1,0,'1','36',null);
INSERT INTO OECP_SYS_FUNCTION (PK,BIZSERVICEFORBPM,CODE,DESCRIPTION,DISPLAYORDER,NAME,RUNABLE,WSUSERD,BC_PK,PARENT_PK,MAINENTITY) VALUES ('374188ql4ll20000',null,'SYS_0017',null,7,'主数据资源管理',1,0,'1','36',null);
INSERT INTO OECP_SYS_FUNCTION (PK,BIZSERVICEFORBPM,CODE,DESCRIPTION,DISPLAYORDER,NAME,RUNABLE,WSUSERD,BC_PK,PARENT_PK,MAINENTITY) VALUES ('44',null,'SYS_0019','数据权限管理',9,'数据权限管理',1,0,'1','36',null);


INSERT INTO OECP_SYS_FUNCTION (PK,BIZSERVICEFORBPM,CODE,DESCRIPTION,DISPLAYORDER,NAME,RUNABLE,WSUSERD,BC_PK,PARENT_PK,MAINENTITY) VALUES ('39',null,'OECP_BPM','审批流程',15,'审批流程',0,0,'1',null,null);
INSERT INTO OECP_SYS_FUNCTION (PK,BIZSERVICEFORBPM,CODE,DESCRIPTION,DISPLAYORDER,NAME,RUNABLE,WSUSERD,BC_PK,PARENT_PK,MAINENTITY) VALUES ('40',null,'OECP_BPM_DEF','流程定义',1,'流程定义',1,0,'1','39',null);
INSERT INTO OECP_SYS_FUNCTION (PK,BIZSERVICEFORBPM,CODE,DESCRIPTION,DISPLAYORDER,NAME,RUNABLE,WSUSERD,BC_PK,PARENT_PK,MAINENTITY) VALUES ('47',null,'OECP_BPM_VIR_DEF','流程定义配置',2,'流程定义配置',1,0,'1','39',null);
INSERT INTO OECP_SYS_FUNCTION (PK,BIZSERVICEFORBPM,CODE,DESCRIPTION,DISPLAYORDER,NAME,RUNABLE,WSUSERD,BC_PK,PARENT_PK,MAINENTITY) VALUES ('45',null,'OECP_BPM_INSTANCE','流程实例',3,'流程实例',1,0,'1','39',null);
INSERT INTO OECP_SYS_FUNCTION (PK,BIZSERVICEFORBPM,CODE,DESCRIPTION,DISPLAYORDER,NAME,RUNABLE,WSUSERD,BC_PK,PARENT_PK,MAINENTITY) VALUES ('46',null,'OECP_BPM_TASK','待办任务',4,'待办任务',1,0,'1','39',null);
INSERT INTO OECP_SYS_FUNCTION (PK,BIZSERVICEFORBPM,CODE,DESCRIPTION,DISPLAYORDER,NAME,RUNABLE,WSUSERD,BC_PK,PARENT_PK,MAINENTITY) VALUES ('48',null,'OECP_BPM_DONE_TASK','已办任务',5,'已办任务',1,0,'1','39',null);
INSERT INTO OECP_SYS_FUNCTION (PK,BIZSERVICEFORBPM,CODE,DESCRIPTION,DISPLAYORDER,NAME,RUNABLE,WSUSERD,BC_PK,PARENT_PK,MAINENTITY) VALUES ('59',null,'OECP_BPM_MY_TASK ','我的待办任务',10,'我的待办任务',1,0,'1','39',null);
INSERT INTO OECP_SYS_FUNCTION (PK,BIZSERVICEFORBPM,CODE,DESCRIPTION,DISPLAYORDER,NAME,RUNABLE,WSUSERD,BC_PK,PARENT_PK,MAINENTITY) VALUES ('60',null,'OECP_BPM_MY_DONE_TASK','我的已办任务',11,'我的已办任务',1,0,'1','39',null);
INSERT INTO OECP_SYS_FUNCTION (PK,BIZSERVICEFORBPM,CODE,DESCRIPTION,DISPLAYORDER,NAME,RUNABLE,WSUSERD,BC_PK,PARENT_PK,MAINENTITY) VALUES ('024188qo2i4m008c',null,'OECP_BPM_DTASK_AGENT',null,13,'代理人',1,0,'1','39',null);
INSERT INTO OECP_SYS_FUNCTION (PK,BIZSERVICEFORBPM,CODE,DESCRIPTION,DISPLAYORDER,NAME,RUNABLE,WSUSERD,BC_PK,PARENT_PK,MAINENTITY) VALUES ('024188qo8k00008e',null,'OECP_BPM_MY_ANGENT',null,15,'我的代理人',1,0,'1','39',null);

INSERT INTO OECP_SYS_FUNCTION (PK,BIZSERVICEFORBPM,CODE,DESCRIPTION,DISPLAYORDER,NAME,RUNABLE,WSUSERD,BC_PK,PARENT_PK,MAINENTITY) VALUES ('42',null,'SYS_05','业务上的配置和管理，包括业务类型定义，单据流程等。',20,'业务管理',0,0,'1',null,null);
INSERT INTO OECP_SYS_FUNCTION (PK,BIZSERVICEFORBPM,CODE,DESCRIPTION,DISPLAYORDER,NAME,RUNABLE,WSUSERD,BC_PK,PARENT_PK,MAINENTITY) VALUES ('43',null,'SYS_0501','定义业务类型，并组合该业务涉及到的单据。',0,'业务类型管理',1,0,'1','42',null);

INSERT INTO OECP_SYS_FUNCTION (PK,BIZSERVICEFORBPM,CODE,DESCRIPTION,DISPLAYORDER,NAME,RUNABLE,WSUSERD,BC_PK,PARENT_PK,MAINENTITY) VALUES ('ba716ueblgof1645',null,'OECP_TASK','任务管理',25,'任务管理',0,0,'1',null,null);
INSERT INTO OECP_SYS_FUNCTION (PK,BIZSERVICEFORBPM,CODE,DESCRIPTION,DISPLAYORDER,NAME,RUNABLE,WSUSERD,BC_PK,PARENT_PK,MAINENTITY) VALUES ('ba716uebm9fn1646',null,'OECP_TASK_MANAGE','任务管理',0,'任务管理',1,0,'1','ba716ueblgof1645',null);

INSERT INTO OECP_SYS_FUNCTION (PK,BIZSERVICEFORBPM,CODE,DESCRIPTION,DISPLAYORDER,NAME,RUNABLE,WSUSERD,BC_PK,PARENT_PK,MAINENTITY) VALUES ('024188qnkmiq0043',null,'OECP_WARNING',null,30,'预警管理',0,0,'1',null,null);
INSERT INTO OECP_SYS_FUNCTION (PK,BIZSERVICEFORBPM,CODE,DESCRIPTION,DISPLAYORDER,NAME,RUNABLE,WSUSERD,BC_PK,PARENT_PK,MAINENTITY) VALUES ('024188qnm12k0044',null,'OECP_WARNING_CONFIG',null,0,'预警配置',1,0,'1','024188qnkmiq0043',null);

INSERT INTO OECP_SYS_FUNCTION (PK,BIZSERVICEFORBPM,CODE,DESCRIPTION,DISPLAYORDER,NAME,RUNABLE,WSUSERD,BC_PK,PARENT_PK,MAINENTITY) VALUES ('61',null,'OECP_BIZ_BPM','业务流程',99,'业务流程',0,0,'1',null,null);
INSERT INTO OECP_SYS_FUNCTION (PK,BIZSERVICEFORBPM,CODE,DESCRIPTION,DISPLAYORDER,NAME,RUNABLE,WSUSERD,BC_PK,PARENT_PK,MAINENTITY) VALUES ('62',null,'OECP_BIZ_BPM_DEF','业务流程定义配置',0,'业务流程定义配置',1,0,'1','61',null);

-- 平台组件功能UI注册
INSERT INTO OECP_SYS_FUNCTIONUI (PK,CODE,DESCRIPTION,ISDEFAULT,ISDEFAULTFORPROCESS,NAME,SIGN,FUNCTION_PK) VALUES ('024188qno66u0045','ui_warning',null,1,0,'预警配置主界面','_JS.OECP.Warn.WarnView','024188qnm12k0044');
INSERT INTO OECP_SYS_FUNCTIONUI (PK,CODE,DESCRIPTION,ISDEFAULT,ISDEFAULTFORPROCESS,NAME,SIGN,FUNCTION_PK) VALUES ('024188qo4h1q008d','UI_OECP_BPM_AGENT',null,1,0,'代理人设置','_JS.OECP.Agent.AgentUserView','024188qo2i4m008c');
INSERT INTO OECP_SYS_FUNCTIONUI (PK,CODE,DESCRIPTION,ISDEFAULT,ISDEFAULTFORPROCESS,NAME,SIGN,FUNCTION_PK) VALUES ('024188qob4o8008f','UI_OECP_BPM_MY_AGENT',null,1,0,'我的代理人','_JS.OECP.MyAgent.MyAgentUserView','024188qo8k00008e');
INSERT INTO OECP_SYS_FUNCTIONUI (PK,CODE,DESCRIPTION,ISDEFAULT,ISDEFAULTFORPROCESS,NAME,SIGN,FUNCTION_PK) VALUES ('024188qpqrtl011f','UI_OECP_PERSON',null,1,0,'人员信息维护界面','_JS.OECP.Person.PersonView','024188qp5ra6011e');
INSERT INTO OECP_SYS_FUNCTIONUI (PK,CODE,DESCRIPTION,ISDEFAULT,ISDEFAULTFORPROCESS,NAME,SIGN,FUNCTION_PK) VALUES ('069170lr33le0136','sys_report_setting_main','设置查询和展示方式，制作报表。',1,0,'报表设计器','_JS.OECP.report.ManagePanel','069170lr1nr10135');
INSERT INTO OECP_SYS_FUNCTIONUI (PK,CODE,DESCRIPTION,ISDEFAULT,ISDEFAULTFORPROCESS,NAME,SIGN,FUNCTION_PK) VALUES ('069170lr5o380138','sys_funview_mainpage',null,1,0,'界面设置主页面','_JS.OECP.ui.view.FunViewMngPanel','069170lr4dp60137');
INSERT INTO OECP_SYS_FUNCTIONUI (PK,CODE,DESCRIPTION,ISDEFAULT,ISDEFAULTFORPROCESS,NAME,SIGN,FUNCTION_PK) VALUES ('069170lr95e6013c','sys_printtemplate_mainpage',null,1,0,'打印模板编辑','/js/component/printTemplate/main.jsp','069170lr87rm013b');
INSERT INTO OECP_SYS_FUNCTIONUI (PK,CODE,DESCRIPTION,ISDEFAULT,ISDEFAULTFORPROCESS,NAME,SIGN,FUNCTION_PK) VALUES ('10031','ui031','组织角色的权限分配界面',1,null,'权限分配UI','_JS.OECP.permission.PermissionManagerView','34');
INSERT INTO OECP_SYS_FUNCTIONUI (PK,CODE,DESCRIPTION,ISDEFAULT,ISDEFAULTFORPROCESS,NAME,SIGN,FUNCTION_PK) VALUES ('10032','ui032','权限修改窗口',0,null,'权限修改UI',null,'34');
INSERT INTO OECP_SYS_FUNCTIONUI (PK,CODE,DESCRIPTION,ISDEFAULT,ISDEFAULTFORPROCESS,NAME,SIGN,FUNCTION_PK) VALUES ('10033','ui033','复制角色选择窗口',0,null,'复制角色UI','dafdadfadfa','34');
INSERT INTO OECP_SYS_FUNCTIONUI (PK,CODE,DESCRIPTION,ISDEFAULT,ISDEFAULTFORPROCESS,NAME,SIGN,FUNCTION_PK) VALUES ('10034','ui034','用户管理功能界面',1,1,'用户管理UI','_JS.OECP.user.UserGridView','31');
INSERT INTO OECP_SYS_FUNCTIONUI (PK,CODE,DESCRIPTION,ISDEFAULT,ISDEFAULTFORPROCESS,NAME,SIGN,FUNCTION_PK) VALUES ('10035','ui035','角色管理界面',1,null,'角色管理UI','_JS.OECP.role.RoleView','32');
INSERT INTO OECP_SYS_FUNCTIONUI (PK,CODE,DESCRIPTION,ISDEFAULT,ISDEFAULTFORPROCESS,NAME,SIGN,FUNCTION_PK) VALUES ('10036','ui036','角色分配窗口',0,null,'角色分配UI','a_11111111','32');
INSERT INTO OECP_SYS_FUNCTIONUI (PK,CODE,DESCRIPTION,ISDEFAULT,ISDEFAULTFORPROCESS,NAME,SIGN,FUNCTION_PK) VALUES ('10037','ui037','角色委派窗口',0,null,'角色委派UI',null,'32');
INSERT INTO OECP_SYS_FUNCTIONUI (PK,CODE,DESCRIPTION,ISDEFAULT,ISDEFAULTFORPROCESS,NAME,SIGN,FUNCTION_PK) VALUES ('10038','ui038','组件功能管理界面',1,null,'功能管理UI','_JS.OECP.bc.func.BCFunctionView','37');
INSERT INTO OECP_SYS_FUNCTIONUI (PK,CODE,DESCRIPTION,ISDEFAULT,ISDEFAULTFORPROCESS,NAME,SIGN,FUNCTION_PK) VALUES ('10039','ui039','功能编辑窗口',0,null,'功能编辑UI',null,'37');
INSERT INTO OECP_SYS_FUNCTIONUI (PK,CODE,DESCRIPTION,ISDEFAULT,ISDEFAULTFORPROCESS,NAME,SIGN,FUNCTION_PK) VALUES ('10040','ui040','功能UI编辑窗口',0,null,'功能UI编辑UI',null,'37');
INSERT INTO OECP_SYS_FUNCTIONUI (PK,CODE,DESCRIPTION,ISDEFAULT,ISDEFAULTFORPROCESS,NAME,SIGN,FUNCTION_PK) VALUES ('10041','ui041','功能UI查看界面',0,null,'功能UI查看UI',null,'37');
INSERT INTO OECP_SYS_FUNCTIONUI (PK,CODE,DESCRIPTION,ISDEFAULT,ISDEFAULTFORPROCESS,NAME,SIGN,FUNCTION_PK) VALUES ('10042','ui042','UI元素查看界面',0,null,'UI元素查看UI',null,'37');
INSERT INTO OECP_SYS_FUNCTIONUI (PK,CODE,DESCRIPTION,ISDEFAULT,ISDEFAULTFORPROCESS,NAME,SIGN,FUNCTION_PK) VALUES ('10043','ui043','组织机构管理界面',1,null,'组织机构管理UI','_JS.OECP.org.OrgManagerPanel','35');
INSERT INTO OECP_SYS_FUNCTIONUI (PK,CODE,DESCRIPTION,ISDEFAULT,ISDEFAULTFORPROCESS,NAME,SIGN,FUNCTION_PK) VALUES ('10044','ui044','部门管理界面',1,null,'部门管理界面','_JS.OECP.department.DepartmentManageView','38');
INSERT INTO OECP_SYS_FUNCTIONUI (PK,CODE,DESCRIPTION,ISDEFAULT,ISDEFAULTFORPROCESS,NAME,SIGN,FUNCTION_PK) VALUES ('10045','OECP_BPM_DEF_VIEW','流程定义视图',1,0,'流程定义视图','_JS.OECP.bpm.ProcessDefView','40');
INSERT INTO OECP_SYS_FUNCTIONUI (PK,CODE,DESCRIPTION,ISDEFAULT,ISDEFAULTFORPROCESS,NAME,SIGN,FUNCTION_PK) VALUES ('10046','ui045','岗位管理界面',1,null,'岗位管理界面','_JS.OECP.post.PostManageView','41');
INSERT INTO OECP_SYS_FUNCTIONUI (PK,CODE,DESCRIPTION,ISDEFAULT,ISDEFAULTFORPROCESS,NAME,SIGN,FUNCTION_PK) VALUES ('10047','SYS0501Main','业务类型的增删改和业务涉及到的单据的信息维护，以及单据制单前置数据的查询以及结果结构定义维护。',1,null,'业务类型管理主界面','_JS.OECP.BillFlow.BillFlowView','43');
INSERT INTO OECP_SYS_FUNCTIONUI (PK,CODE,DESCRIPTION,ISDEFAULT,ISDEFAULTFORPROCESS,NAME,SIGN,FUNCTION_PK) VALUES ('10048','ui046','数据权限管理界面',1,null,'数据权限管理界面','_JS.OECP.dataPermission.DataPermissionManageView','44');
INSERT INTO OECP_SYS_FUNCTIONUI (PK,CODE,DESCRIPTION,ISDEFAULT,ISDEFAULTFORPROCESS,NAME,SIGN,FUNCTION_PK) VALUES ('10054','ui0098','组件注册1',0,null,'组件注册1','/oecp/ext-oecp/samples/MasterDetailPanel.html','12');
INSERT INTO OECP_SYS_FUNCTIONUI (PK,CODE,DESCRIPTION,ISDEFAULT,ISDEFAULTFORPROCESS,NAME,SIGN,FUNCTION_PK) VALUES ('10055','OECP_BPM_TASK_VIEW','流程任务视图',1,null,'流程任务视图','_JS.OECP.bpm.PersonalTaskView','46');
INSERT INTO OECP_SYS_FUNCTIONUI (PK,CODE,DESCRIPTION,ISDEFAULT,ISDEFAULTFORPROCESS,NAME,SIGN,FUNCTION_PK) VALUES ('10057','OECP_BPM_VIR_DEF_VIEW ','虚拟流程定义视图',1,null,'虚拟流程定义视图','_JS.OECP.bpm.VirProcessDefView','47');
INSERT INTO OECP_SYS_FUNCTIONUI (PK,CODE,DESCRIPTION,ISDEFAULT,ISDEFAULTFORPROCESS,NAME,SIGN,FUNCTION_PK) VALUES ('10058','OECP_BPM_INSTANCE_VIEW','流程实例视图',1,null,'流程实例视图','_JS.OECP.bpm.ProcessInstanceView','45');
INSERT INTO OECP_SYS_FUNCTIONUI (PK,CODE,DESCRIPTION,ISDEFAULT,ISDEFAULTFORPROCESS,NAME,SIGN,FUNCTION_PK) VALUES ('10061','OECP_BPM_DONE_TASK_VIEW','已办任务视图',1,null,'已办任务视图','_JS.OECP.bpm.PersonalDoneTaskView','48');
INSERT INTO OECP_SYS_FUNCTIONUI (PK,CODE,DESCRIPTION,ISDEFAULT,ISDEFAULTFORPROCESS,NAME,SIGN,FUNCTION_PK) VALUES ('10062','evtMngUI_01',null,1,null,'事件管理主界面','_JS.OECP.bcevent.BCEventView','49');
INSERT INTO OECP_SYS_FUNCTIONUI (PK,CODE,DESCRIPTION,ISDEFAULT,ISDEFAULTFORPROCESS,NAME,SIGN,FUNCTION_PK) VALUES ('10063','ui047','组件服务注册管理界面',1,null,'组件服务管理','_JS.OECP.BizService.BizServiceView','50');
INSERT INTO OECP_SYS_FUNCTIONUI (PK,CODE,DESCRIPTION,ISDEFAULT,ISDEFAULTFORPROCESS,NAME,SIGN,FUNCTION_PK) VALUES ('10068','ui057','组件注册管理界面',1,null,'组件注册','_JS.OECP.BizComponent.BizComponentView','12');
INSERT INTO OECP_SYS_FUNCTIONUI (PK,CODE,DESCRIPTION,ISDEFAULT,ISDEFAULTFORPROCESS,NAME,SIGN,FUNCTION_PK) VALUES ('10069','ui067','组件依赖管理',1,null,'依赖管理','_JS.OECP.BizDepend.BizDependView','58');
INSERT INTO OECP_SYS_FUNCTIONUI (PK,CODE,DESCRIPTION,ISDEFAULT,ISDEFAULTFORPROCESS,NAME,SIGN,FUNCTION_PK) VALUES ('10070','OECP_BPM_MY_TASK_VIEW','我的待办任务视图',1,null,'我的待办任务视图','_JS.OECP.bpmperson.PersonalTaskView','59');
INSERT INTO OECP_SYS_FUNCTIONUI (PK,CODE,DESCRIPTION,ISDEFAULT,ISDEFAULTFORPROCESS,NAME,SIGN,FUNCTION_PK) VALUES ('10071','OECP_BPM_MY_DONE_TASK_VIEW','我的已办任务视图',1,null,'我的已办任务视图','_JS.OECP.bpmperson.PersonalDoneTaskView','60');
INSERT INTO OECP_SYS_FUNCTIONUI (PK,CODE,DESCRIPTION,ISDEFAULT,ISDEFAULTFORPROCESS,NAME,SIGN,FUNCTION_PK) VALUES ('10072','OECP_BIZ_BPM_DEF_VIEW','业务流程定义视图',1,1,'业务流程定义视图','_JS.OECP.bpmbiz.BizProDefinitionView','62');
INSERT INTO OECP_SYS_FUNCTIONUI (PK,CODE,DESCRIPTION,ISDEFAULT,ISDEFAULTFORPROCESS,NAME,SIGN,FUNCTION_PK) VALUES ('b09188qm4vjo0000','ui040',null,1,0,'主数据管理主界面','_JS.OECP.mdresource.MDResourceManageView','374188ql4ll20000');
INSERT INTO OECP_SYS_FUNCTIONUI (PK,CODE,DESCRIPTION,ISDEFAULT,ISDEFAULTFORPROCESS,NAME,SIGN,FUNCTION_PK) VALUES ('b1a188r1v2930000','ui_funcview_assign',null,1,0,'界面视图分配主界面','_JS.OECP.uiview.FunViewAssignView','069170lr73ma013a');
INSERT INTO OECP_SYS_FUNCTIONUI (PK,CODE,DESCRIPTION,ISDEFAULT,ISDEFAULTFORPROCESS,NAME,SIGN,FUNCTION_PK) VALUES ('ba716uebscaj164c','OECP_TASK_VIEW','任务管理',1,0,'任务管理','_JS.OECP.Task.TaskView','ba716uebm9fn1646');


-- 组织机构 -- 集团
INSERT INTO OECP_T_ORG (PK,CODE,IDX,LOCKED,NAME,PARENT_PK,ORGANIZATIONCONFIG_PK) VALUES ('0000','org00',0,0,'集团',null,null);
-- 集团启用平台组件
INSERT INTO OECP_SYS_ORG_BC (PK,USEDATE,BC_PK,ORG_PK) VALUES ('orgbc00',{ts '2011-06-01 15:18:27.0'},'1','0000');
-- 系统默认角色 -- 管理员
INSERT INTO OECP_SYS_ROLE (PK,CODE,LOCKED,NAME,ORG_PK) VALUES ('0000','admin',0,'系统管理员','0000');
-- 集团管理员角色
INSERT INTO OECP_SYS_ORGROLE (PK,LOCKED,ORG_PK,ROLE_PK) VALUES ('0',0,'0000','0000');
-- admin 账号
INSERT INTO OECP_SYS_USER (PK,CREATETIME,EMAIL,LASTLOGINTIME,LOGINID,NAME,PASSWORD,PERSONID,STATE,CREATEDBYORG_PK) VALUES ('admin',null,null,null,'admin','管理员','202cb962ac59075b964b07152d234b70','person001',1,'0000');
-- 用户admin关联到集团管理员角色
INSERT INTO OECP_SYS_USER_ORGROLE (USER_PK,ORGROLE_PK) VALUES ('admin','0');

-- 集团管理员功能权限 
INSERT INTO OECP_SYS_PERMISSION (PK,FUNCTION_PK,ORGROLE_PK) VALUES ('024188qprf1n0120','12','0');
INSERT INTO OECP_SYS_PERMISSION (PK,FUNCTION_PK,ORGROLE_PK) VALUES ('024188qprf1n0123','37','0');
INSERT INTO OECP_SYS_PERMISSION (PK,FUNCTION_PK,ORGROLE_PK) VALUES ('024188qprf1o0129','069170lr4dp60137','0');
INSERT INTO OECP_SYS_PERMISSION (PK,FUNCTION_PK,ORGROLE_PK) VALUES ('024188qprf1o012b','069170lr73ma013a','0');
INSERT INTO OECP_SYS_PERMISSION (PK,FUNCTION_PK,ORGROLE_PK) VALUES ('024188qprf1o012c','069170lr1nr10135','0');
INSERT INTO OECP_SYS_PERMISSION (PK,FUNCTION_PK,ORGROLE_PK) VALUES ('024188qprf1o012e','069170lr87rm013b','0');
INSERT INTO OECP_SYS_PERMISSION (PK,FUNCTION_PK,ORGROLE_PK) VALUES ('024188qprf1o0130','069170lr0lk50134','0');
INSERT INTO OECP_SYS_PERMISSION (PK,FUNCTION_PK,ORGROLE_PK) VALUES ('024188qprf1o0131','15','0');
INSERT INTO OECP_SYS_PERMISSION (PK,FUNCTION_PK,ORGROLE_PK) VALUES ('024188qprf1o0132','374188ql4ll20000','0');
INSERT INTO OECP_SYS_PERMISSION (PK,FUNCTION_PK,ORGROLE_PK) VALUES ('024188qprf1o0134','32','0');
INSERT INTO OECP_SYS_PERMISSION (PK,FUNCTION_PK,ORGROLE_PK) VALUES ('024188qprf1o0138','31','0');
INSERT INTO OECP_SYS_PERMISSION (PK,FUNCTION_PK,ORGROLE_PK) VALUES ('024188qprf1o013a','34','0');
INSERT INTO OECP_SYS_PERMISSION (PK,FUNCTION_PK,ORGROLE_PK) VALUES ('024188qprf1o013e','44','0');
INSERT INTO OECP_SYS_PERMISSION (PK,FUNCTION_PK,ORGROLE_PK) VALUES ('024188qprf1o0140','36','0');
INSERT INTO OECP_SYS_PERMISSION (PK,FUNCTION_PK,ORGROLE_PK) VALUES ('024188qprf1o0141','35','0');
INSERT INTO OECP_SYS_PERMISSION (PK,FUNCTION_PK,ORGROLE_PK) VALUES ('024188qprf1p0143','38','0');
INSERT INTO OECP_SYS_PERMISSION (PK,FUNCTION_PK,ORGROLE_PK) VALUES ('024188qprf1p0145','024188qp5ra6011e','0');
INSERT INTO OECP_SYS_PERMISSION (PK,FUNCTION_PK,ORGROLE_PK) VALUES ('024188qprf1p0147','41','0');
INSERT INTO OECP_SYS_PERMISSION (PK,FUNCTION_PK,ORGROLE_PK) VALUES ('024188qprf1p0149','33','0');
INSERT INTO OECP_SYS_PERMISSION (PK,FUNCTION_PK,ORGROLE_PK) VALUES ('024188qprf1p014a','40','0');
INSERT INTO OECP_SYS_PERMISSION (PK,FUNCTION_PK,ORGROLE_PK) VALUES ('024188qprf1p014c','47','0');
INSERT INTO OECP_SYS_PERMISSION (PK,FUNCTION_PK,ORGROLE_PK) VALUES ('024188qprf1p014e','45','0');
INSERT INTO OECP_SYS_PERMISSION (PK,FUNCTION_PK,ORGROLE_PK) VALUES ('024188qprf1p0150','46','0');
INSERT INTO OECP_SYS_PERMISSION (PK,FUNCTION_PK,ORGROLE_PK) VALUES ('024188qprf1p0152','48','0');
INSERT INTO OECP_SYS_PERMISSION (PK,FUNCTION_PK,ORGROLE_PK) VALUES ('024188qprf1p0154','59','0');
INSERT INTO OECP_SYS_PERMISSION (PK,FUNCTION_PK,ORGROLE_PK) VALUES ('024188qprf1p0156','024188qo2i4m008c','0');
INSERT INTO OECP_SYS_PERMISSION (PK,FUNCTION_PK,ORGROLE_PK) VALUES ('024188qprf1p0158','024188qo8k00008e','0');
INSERT INTO OECP_SYS_PERMISSION (PK,FUNCTION_PK,ORGROLE_PK) VALUES ('024188qprf1p015a','60','0');
INSERT INTO OECP_SYS_PERMISSION (PK,FUNCTION_PK,ORGROLE_PK) VALUES ('024188qprf1q015c','39','0');
INSERT INTO OECP_SYS_PERMISSION (PK,FUNCTION_PK,ORGROLE_PK) VALUES ('024188qprf1q015d','43','0');
INSERT INTO OECP_SYS_PERMISSION (PK,FUNCTION_PK,ORGROLE_PK) VALUES ('024188qprf1q015f','42','0');
INSERT INTO OECP_SYS_PERMISSION (PK,FUNCTION_PK,ORGROLE_PK) VALUES ('024188qprf1q0160','ba716uebm9fn1646','0');
INSERT INTO OECP_SYS_PERMISSION (PK,FUNCTION_PK,ORGROLE_PK) VALUES ('024188qprf1q0162','ba716ueblgof1645','0');
INSERT INTO OECP_SYS_PERMISSION (PK,FUNCTION_PK,ORGROLE_PK) VALUES ('024188qprf1q0163','024188qnm12k0044','0');
INSERT INTO OECP_SYS_PERMISSION (PK,FUNCTION_PK,ORGROLE_PK) VALUES ('024188qprf1q0165','024188qnkmiq0043','0');

-- 集团管理员页面权限
INSERT INTO OECP_SYS_PERMISSON_FUNUI (PK,FUNCTIONUI_PK,PERMISSION_PK) VALUES ('024188qprf1n0121','10068','024188qprf1n0120');
INSERT INTO OECP_SYS_PERMISSON_FUNUI (PK,FUNCTIONUI_PK,PERMISSION_PK) VALUES ('024188qprf1n0122','10054','024188qprf1n0120');
INSERT INTO OECP_SYS_PERMISSON_FUNUI (PK,FUNCTIONUI_PK,PERMISSION_PK) VALUES ('024188qprf1n0124','10038','024188qprf1n0123');
INSERT INTO OECP_SYS_PERMISSON_FUNUI (PK,FUNCTIONUI_PK,PERMISSION_PK) VALUES ('024188qprf1o0125','10039','024188qprf1n0123');
INSERT INTO OECP_SYS_PERMISSON_FUNUI (PK,FUNCTIONUI_PK,PERMISSION_PK) VALUES ('024188qprf1o0126','10040','024188qprf1n0123');
INSERT INTO OECP_SYS_PERMISSON_FUNUI (PK,FUNCTIONUI_PK,PERMISSION_PK) VALUES ('024188qprf1o0127','10041','024188qprf1n0123');
INSERT INTO OECP_SYS_PERMISSON_FUNUI (PK,FUNCTIONUI_PK,PERMISSION_PK) VALUES ('024188qprf1o0128','10042','024188qprf1n0123');
INSERT INTO OECP_SYS_PERMISSON_FUNUI (PK,FUNCTIONUI_PK,PERMISSION_PK) VALUES ('024188qprf1o012a','069170lr5o380138','024188qprf1o0129');
INSERT INTO OECP_SYS_PERMISSON_FUNUI (PK,FUNCTIONUI_PK,PERMISSION_PK) VALUES ('024188qprf1o012d','069170lr33le0136','024188qprf1o012c');
INSERT INTO OECP_SYS_PERMISSON_FUNUI (PK,FUNCTIONUI_PK,PERMISSION_PK) VALUES ('024188qprf1o012f','069170lr95e6013c','024188qprf1o012e');
INSERT INTO OECP_SYS_PERMISSON_FUNUI (PK,FUNCTIONUI_PK,PERMISSION_PK) VALUES ('024188qprf1o0133','b09188qm4vjo0000','024188qprf1o0132');
INSERT INTO OECP_SYS_PERMISSON_FUNUI (PK,FUNCTIONUI_PK,PERMISSION_PK) VALUES ('024188qprf1o0135','10035','024188qprf1o0134');
INSERT INTO OECP_SYS_PERMISSON_FUNUI (PK,FUNCTIONUI_PK,PERMISSION_PK) VALUES ('024188qprf1o0136','10036','024188qprf1o0134');
INSERT INTO OECP_SYS_PERMISSON_FUNUI (PK,FUNCTIONUI_PK,PERMISSION_PK) VALUES ('024188qprf1o0137','10037','024188qprf1o0134');
INSERT INTO OECP_SYS_PERMISSON_FUNUI (PK,FUNCTIONUI_PK,PERMISSION_PK) VALUES ('024188qprf1o0139','10034','024188qprf1o0138');
INSERT INTO OECP_SYS_PERMISSON_FUNUI (PK,FUNCTIONUI_PK,PERMISSION_PK) VALUES ('024188qprf1o013b','10031','024188qprf1o013a');
INSERT INTO OECP_SYS_PERMISSON_FUNUI (PK,FUNCTIONUI_PK,PERMISSION_PK) VALUES ('024188qprf1o013c','10032','024188qprf1o013a');
INSERT INTO OECP_SYS_PERMISSON_FUNUI (PK,FUNCTIONUI_PK,PERMISSION_PK) VALUES ('024188qprf1o013d','10033','024188qprf1o013a');
INSERT INTO OECP_SYS_PERMISSON_FUNUI (PK,FUNCTIONUI_PK,PERMISSION_PK) VALUES ('024188qprf1o013f','10048','024188qprf1o013e');
INSERT INTO OECP_SYS_PERMISSON_FUNUI (PK,FUNCTIONUI_PK,PERMISSION_PK) VALUES ('024188qprf1p0142','10043','024188qprf1o0141');
INSERT INTO OECP_SYS_PERMISSON_FUNUI (PK,FUNCTIONUI_PK,PERMISSION_PK) VALUES ('024188qprf1p0144','10044','024188qprf1p0143');
INSERT INTO OECP_SYS_PERMISSON_FUNUI (PK,FUNCTIONUI_PK,PERMISSION_PK) VALUES ('024188qprf1p0146','024188qpqrtl011f','024188qprf1p0145');
INSERT INTO OECP_SYS_PERMISSON_FUNUI (PK,FUNCTIONUI_PK,PERMISSION_PK) VALUES ('024188qprf1p0148','10046','024188qprf1p0147');
INSERT INTO OECP_SYS_PERMISSON_FUNUI (PK,FUNCTIONUI_PK,PERMISSION_PK) VALUES ('024188qprf1p014b','10045','024188qprf1p014a');
INSERT INTO OECP_SYS_PERMISSON_FUNUI (PK,FUNCTIONUI_PK,PERMISSION_PK) VALUES ('024188qprf1p014d','10057','024188qprf1p014c');
INSERT INTO OECP_SYS_PERMISSON_FUNUI (PK,FUNCTIONUI_PK,PERMISSION_PK) VALUES ('024188qprf1p014f','10058','024188qprf1p014e');
INSERT INTO OECP_SYS_PERMISSON_FUNUI (PK,FUNCTIONUI_PK,PERMISSION_PK) VALUES ('024188qprf1p0151','10055','024188qprf1p0150');
INSERT INTO OECP_SYS_PERMISSON_FUNUI (PK,FUNCTIONUI_PK,PERMISSION_PK) VALUES ('024188qprf1p0153','10061','024188qprf1p0152');
INSERT INTO OECP_SYS_PERMISSON_FUNUI (PK,FUNCTIONUI_PK,PERMISSION_PK) VALUES ('024188qprf1p0155','10070','024188qprf1p0154');
INSERT INTO OECP_SYS_PERMISSON_FUNUI (PK,FUNCTIONUI_PK,PERMISSION_PK) VALUES ('024188qprf1p0157','024188qo4h1q008d','024188qprf1p0156');
INSERT INTO OECP_SYS_PERMISSON_FUNUI (PK,FUNCTIONUI_PK,PERMISSION_PK) VALUES ('024188qprf1p0159','024188qob4o8008f','024188qprf1p0158');
INSERT INTO OECP_SYS_PERMISSON_FUNUI (PK,FUNCTIONUI_PK,PERMISSION_PK) VALUES ('024188qprf1q015b','10071','024188qprf1p015a');
INSERT INTO OECP_SYS_PERMISSON_FUNUI (PK,FUNCTIONUI_PK,PERMISSION_PK) VALUES ('024188qprf1q015e','10047','024188qprf1q015d');
INSERT INTO OECP_SYS_PERMISSON_FUNUI (PK,FUNCTIONUI_PK,PERMISSION_PK) VALUES ('024188qprf1q0161','ba716uebscaj164c','024188qprf1q0160');
INSERT INTO OECP_SYS_PERMISSON_FUNUI (PK,FUNCTIONUI_PK,PERMISSION_PK) VALUES ('024188qprf1q0164','024188qno66u0045','024188qprf1q0163');

-- 默认单据号生成规则
INSERT INTO OECP_SYS_BILLSNRULE 
(PK,BILLATTRIBUTE,BILLATTRIBUTENAME,BILLTYPE,BILLTYPE_ID,BILLTYPE_PREFIX,DAY,MONTH,ORG,ORGRULE,ORGCODE,ORGID,SNLENTH,YEAR) 
VALUES 
('sys_default' ,0,'系统默认单据号生成规则',0,'defuletbilltype','OECP',0,1,0,0,'org00','0',5,1);

